{
  "knn": {
    "train_score": 0.9991419991419992,
    "test_score": 0.8968968968968969,
    "classification_report": {
      "0": {
        "precision": 0.9136212624584718,
        "recall": 0.9166666666666666,
        "f1-score": 0.9151414309484193,
        "support": 300.0
      },
      "1": {
        "precision": 0.9269102990033222,
        "recall": 0.9331103678929766,
        "f1-score": 0.93,
        "support": 299.0
      },
      "2": {
        "precision": 0.8545454545454545,
        "recall": 0.7859531772575251,
        "f1-score": 0.818815331010453,
        "support": 299.0
      },
      "3": {
        "precision": 0.8308605341246291,
        "recall": 0.9333333333333333,
        "f1-score": 0.8791208791208791,
        "support": 300.0
      },
      "4": {
        "precision": 0.9124579124579124,
        "recall": 0.9063545150501672,
        "f1-score": 0.9093959731543624,
        "support": 299.0
      },
      "5": {
        "precision": 0.8729641693811075,
        "recall": 0.8933333333333333,
        "f1-score": 0.8830313014827018,
        "support": 300.0
      },
      "6": {
        "precision": 0.9534883720930233,
        "recall": 0.9566666666666667,
        "f1-score": 0.9550748752079867,
        "support": 300.0
      },
      "7": {
        "precision": 0.9413919413919414,
        "recall": 0.8566666666666667,
        "f1-score": 0.8970331588132635,
        "support": 300.0
      },
      "8": {
        "precision": 0.8753894080996885,
        "recall": 0.9366666666666666,
        "f1-score": 0.9049919484702094,
        "support": 300.0
      },
      "9": {
        "precision": 0.897887323943662,
        "recall": 0.85,
        "f1-score": 0.8732876712328768,
        "support": 300.0
      },
      "accuracy": 0.8968968968968969,
      "macro avg": {
        "precision": 0.8979516677499214,
        "recall": 0.8968751393534002,
        "f1-score": 0.8965892569441152,
        "support": 2997.0
      },
      "weighted avg": {
        "precision": 0.8979516481760953,
        "recall": 0.8968968968968969,
        "f1-score": 0.8965997862956893,
        "support": 2997.0
      }
    }
  },
  "svm_rbf": {
    "train_score": 0.9216359216359217,
    "test_score": 0.8415081748415082,
    "classification_report": {
      "0": {
        "precision": 0.8389261744966443,
        "recall": 0.8333333333333334,
        "f1-score": 0.8361204013377926,
        "support": 300.0
      },
      "1": {
        "precision": 0.8814589665653495,
        "recall": 0.9698996655518395,
        "f1-score": 0.9235668789808917,
        "support": 299.0
      },
      "2": {
        "precision": 0.797945205479452,
        "recall": 0.7792642140468228,
        "f1-score": 0.7884940778341794,
        "support": 299.0
      },
      "3": {
        "precision": 0.7753164556962026,
        "recall": 0.8166666666666667,
        "f1-score": 0.7954545454545454,
        "support": 300.0
      },
      "4": {
        "precision": 0.8687943262411347,
        "recall": 0.8193979933110368,
        "f1-score": 0.8433734939759037,
        "support": 299.0
      },
      "5": {
        "precision": 0.8454258675078864,
        "recall": 0.8933333333333333,
        "f1-score": 0.8687196110210696,
        "support": 300.0
      },
      "6": {
        "precision": 0.8933333333333333,
        "recall": 0.8933333333333333,
        "f1-score": 0.8933333333333333,
        "support": 300.0
      },
      "7": {
        "precision": 0.9230769230769231,
        "recall": 0.84,
        "f1-score": 0.8795811518324608,
        "support": 300.0
      },
      "8": {
        "precision": 0.8333333333333334,
        "recall": 0.85,
        "f1-score": 0.8415841584158416,
        "support": 300.0
      },
      "9": {
        "precision": 0.7605633802816901,
        "recall": 0.72,
        "f1-score": 0.7397260273972602,
        "support": 300.0
      },
      "accuracy": 0.8415081748415082,
      "macro avg": {
        "precision": 0.8418173966011949,
        "recall": 0.8415228539576365,
        "f1-score": 0.8409953679583279,
        "support": 2997.0
      },
      "weighted avg": {
        "precision": 0.8418098069086749,
        "recall": 0.8415081748415082,
        "f1-score": 0.8409845410157465,
        "support": 2997.0
      }
    }
  },
  "xgboost": {
    "train_score": 0.9991419991419992,
    "test_score": 0.8958958958958959,
    "classification_report": {
      "0": {
        "precision": 0.9112627986348123,
        "recall": 0.89,
        "f1-score": 0.9005059021922428,
        "support": 300.0
      },
      "1": {
        "precision": 0.9292604501607717,
        "recall": 0.9665551839464883,
        "f1-score": 0.9475409836065574,
        "support": 299.0
      },
      "2": {
        "precision": 0.8150470219435737,
        "recall": 0.8695652173913043,
        "f1-score": 0.8414239482200647,
        "support": 299.0
      },
      "3": {
        "precision": 0.8585209003215434,
        "recall": 0.89,
        "f1-score": 0.8739770867430442,
        "support": 300.0
      },
      "4": {
        "precision": 0.902027027027027,
        "recall": 0.8929765886287625,
        "f1-score": 0.8974789915966387,
        "support": 299.0
      },
      "5": {
        "precision": 0.8993506493506493,
        "recall": 0.9233333333333333,
        "f1-score": 0.9111842105263158,
        "support": 300.0
      },
      "6": {
        "precision": 0.9463087248322147,
        "recall": 0.94,
        "f1-score": 0.9431438127090301,
        "support": 300.0
      },
      "7": {
        "precision": 0.9386281588447654,
        "recall": 0.8666666666666667,
        "f1-score": 0.901213171577123,
        "support": 300.0
      },
      "8": {
        "precision": 0.8918918918918919,
        "recall": 0.88,
        "f1-score": 0.8859060402684564,
        "support": 300.0
      },
      "9": {
        "precision": 0.875,
        "recall": 0.84,
        "f1-score": 0.8571428571428571,
        "support": 300.0
      },
      "accuracy": 0.8958958958958959,
      "macro avg": {
        "precision": 0.896729762300725,
        "recall": 0.8959096989966555,
        "f1-score": 0.8959517004582331,
        "support": 2997.0
      },
      "weighted avg": {
        "precision": 0.8967443951962106,
        "recall": 0.8958958958958959,
        "f1-score": 0.8959521713217471,
        "support": 2997.0
      }
    }
  },
  "lightgbm": {
    "train_score": 0.9991419991419992,
    "test_score": 0.8992325658992326,
    "classification_report": {
      "0": {
        "precision": 0.9166666666666666,
        "recall": 0.88,
        "f1-score": 0.8979591836734694,
        "support": 300.0
      },
      "1": {
        "precision": 0.9290322580645162,
        "recall": 0.9632107023411371,
        "f1-score": 0.9458128078817734,
        "support": 299.0
      },
      "2": {
        "precision": 0.8142414860681114,
        "recall": 0.8795986622073578,
        "f1-score": 0.8456591639871383,
        "support": 299.0
      },
      "3": {
        "precision": 0.8571428571428571,
        "recall": 0.92,
        "f1-score": 0.887459807073955,
        "support": 300.0
      },
      "4": {
        "precision": 0.9397163120567376,
        "recall": 0.8862876254180602,
        "f1-score": 0.9122203098106713,
        "support": 299.0
      },
      "5": {
        "precision": 0.8885350318471338,
        "recall": 0.93,
        "f1-score": 0.9087947882736156,
        "support": 300.0
      },
      "6": {
        "precision": 0.9525423728813559,
        "recall": 0.9366666666666666,
        "f1-score": 0.9445378151260504,
        "support": 300.0
      },
      "7": {
        "precision": 0.948905109489051,
        "recall": 0.8666666666666667,
        "f1-score": 0.9059233449477352,
        "support": 300.0
      },
      "8": {
        "precision": 0.8762214983713354,
        "recall": 0.8966666666666666,
        "f1-score": 0.886326194398682,
        "support": 300.0
      },